2023-01-16 20:51:39.357829,1.3095693418563314e-07,0.11139004677534103,1.3962313687443384e-06,0.3729228973388672,0.1445039063692093,0.8999389410018921,3.370925924173207e-06,0.592404842376709
2023-01-16 20:51:39.465484,1.2720724384962523e-07,0.2751588523387909,2.5467875275353435e-06,0.18668200075626373,0.14600001275539398,0.5332046747207642,1.5949040971463546e-05,0.6235257387161255
2023-01-16 20:51:39.624352,5.271213581181655e-07,0.8116334080696106,3.833633309113793e-05,0.340522825717926,0.1082754135131836,0.06016625091433525,0.0022068130783736706,0.17992591857910156
2023-01-16 20:51:39.763823,9.528251325718884e-07,0.9642539024353027,0.00027841664268635213,0.31269702315330505,0.02878720685839653,0.004465928301215172,0.04291120544075966,0.13884073495864868
2023-01-16 20:51:39.925089,1.7690185813989956e-06,0.9539054036140442,0.00019219378009438515,0.4188060164451599,0.03220600262284279,0.005312857683748007,0.054079823195934296,0.17876915633678436
2023-01-16 20:51:40.074421,8.38603853026143e-07,0.45390886068344116,1.082985272660153e-05,0.38163697719573975,0.22505393624305725,0.3396826982498169,0.00032966709113679826,0.34231340885162354
2023-01-16 20:51:40.200502,2.866697457193368e-07,0.26389676332473755,6.521167961182073e-06,0.5351730585098267,0.25329771637916565,0.5944212079048157,7.700777496211231e-05,0.26351913809776306
2023-01-16 20:51:40.328487,1.23368650406519e-07,0.18347203731536865,1.7097796671805554e-06,0.5349478125572205,0.12280628085136414,0.8652399778366089,7.984122930793092e-06,0.3659410774707794
2023-01-16 20:51:40.448497,1.564841568324482e-06,0.5135035514831543,3.10064060613513e-05,0.31568577885627747,0.29072853922843933,0.410828560590744,0.0005204391200095415,0.1639685481786728
2023-01-16 20:51:40.566900,2.3903328383312328e-06,0.5319658517837524,5.652418258250691e-05,0.33126866817474365,0.1906753033399582,0.24650545418262482,0.0007854466093704104,0.2979627847671509
2023-01-16 20:51:40.673812,1.1127166317237425e-06,0.859700083732605,0.0001431387645425275,0.45386049151420593,0.07384447008371353,0.04228656366467476,0.005379628390073776,0.1381356120109558
2023-01-16 20:51:40.781050,1.210088385050767e-06,0.7173075675964355,7.061549695208669e-05,0.49020034074783325,0.22338931262493134,0.05907168239355087,0.005777112208306789,0.10824058204889297
2023-01-16 20:51:40.897460,5.610802986666386e-07,0.9542505741119385,0.00022189636365510523,0.26103365421295166,0.06782843917608261,0.006135620176792145,0.03417695686221123,0.06848116219043732
2023-01-16 20:51:41.043400,5.908436264689954e-07,0.956547737121582,0.00022853806149214506,0.31345322728157043,0.04707035794854164,0.015725821256637573,0.018262606114149094,0.05691169574856758
2023-01-16 20:51:41.188949,1.568440666233073e-07,0.9591744542121887,0.00015952585090417415,0.13811108469963074,0.043402381241321564,0.005594767164438963,0.013821078464388847,0.09786251187324524
2023-01-16 20:51:41.320173,1.6310042383338441e-06,0.9136047959327698,0.00024947122437879443,0.41390469670295715,0.1239623874425888,0.009806607849895954,0.03510181978344917,0.08408144116401672
2023-01-16 20:51:41.456086,8.930774129112251e-07,0.8761312365531921,0.00016693126235622913,0.3744499981403351,0.15109972655773163,0.004353942349553108,0.05389781668782234,0.12000203877687454
2023-01-16 20:51:41.593700,1.023126515065087e-06,0.9226950407028198,0.0001549968437757343,0.47889694571495056,0.1074330285191536,0.002483072690665722,0.08367609232664108,0.08913881331682205
2023-01-16 20:51:41.728601,7.152037255764299e-07,0.817970871925354,4.132680260227062e-05,0.44849398732185364,0.14926974475383759,0.03427647054195404,0.006913770921528339,0.08845364302396774
2023-01-16 20:51:41.876900,1.2192466556371073e-06,0.4200145900249481,1.4931159967090935e-05,0.3801933228969574,0.27478331327438354,0.19412873685359955,0.0007306913030333817,0.2819916903972626
2023-01-16 20:51:42.024406,1.6856336060300237e-07,0.2305031716823578,1.8314800627194927e-06,0.38178446888923645,0.14563877880573273,0.47221508622169495,3.0278461053967476e-05,0.41913294792175293
2023-01-16 20:51:42.143710,7.386579454760067e-07,0.2737572193145752,9.115066859521903e-06,0.5149016380310059,0.5385676622390747,0.41067028045654297,0.000444013683591038,0.09319029748439789
2023-01-16 20:51:42.247731,4.515955538408889e-07,0.9601410031318665,0.00033543005702085793,0.24398399889469147,0.06346791982650757,0.0039056427776813507,0.06822407990694046,0.04939819127321243
2023-01-16 20:51:42.352885,2.1023672047704167e-07,0.9916267395019531,0.0012378838146105409,0.14829455316066742,0.023208245635032654,9.109952952712774e-05,0.6410269141197205,0.04653173312544823
2023-01-16 20:51:42.482492,4.977457024324394e-07,0.9754530191421509,0.00047852983698248863,0.2820494771003723,0.09025838971138,0.0005908793536946177,0.36221104860305786,0.03332069516181946
2023-01-16 20:51:42.622463,3.943174306186847e-06,0.9241028428077698,0.000677474366966635,0.5040258169174194,0.1827208250761032,0.016224617138504982,0.11481087654829025,0.028220031410455704
2023-01-16 20:51:42.755570,8.685434238486778e-08,0.9429966807365417,3.112514968961477e-05,0.7745842337608337,0.09234528988599777,0.0007852912531234324,0.06256815046072006,0.023918887600302696
2023-01-16 20:51:42.866902,8.08607012459106e-08,0.9897712469100952,0.0003104464849457145,0.2805525064468384,0.019622256979346275,2.5446022391406586e-06,0.923642098903656,0.06821291148662567
2023-01-16 20:51:42.975518,2.787461141906533e-07,0.9812302589416504,0.00021961137827020139,0.14945271611213684,0.11257792264223099,0.0001386904768878594,0.5936173796653748,0.05834082514047623
2023-01-16 20:51:43.107228,7.901967080670147e-08,0.9935402274131775,0.00015774040366522968,0.1820318102836609,0.049599599093198776,1.3161404240236152e-05,0.8639112710952759,0.027789656072854996
2023-01-16 20:51:43.229288,2.355259809405652e-08,0.9964094758033752,0.00010767774074338377,0.35602009296417236,0.010398441925644875,3.6546434785122983e-06,0.8967430591583252,0.019188271835446358
2023-01-16 20:51:43.334563,1.5784162599175033e-07,0.9870160818099976,0.0003346015582792461,0.3699406385421753,0.040049001574516296,1.3036597010795958e-05,0.9461572170257568,0.02562718093395233
2023-01-16 20:51:43.438920,1.1855768207169604e-06,0.9814742207527161,0.00033207228989340365,0.3911079168319702,0.040576186031103134,0.00013183036935515702,0.6076673865318298,0.09559620916843414
2023-01-16 20:51:43.547389,4.223592782182095e-07,0.9743643999099731,7.375003769993782e-05,0.33689433336257935,0.2266574651002884,0.0004468670522328466,0.45601463317871094,0.020844358950853348
2023-01-16 20:51:43.658274,2.4159265876733116e-07,0.9497561454772949,2.6272167815477587e-05,0.6153805255889893,0.11604758352041245,0.0009458623244427145,0.16109724342823029,0.03168131783604622
2023-01-16 20:51:43.760928,5.220824164098303e-07,0.9451112747192383,3.16996629408095e-05,0.5064369440078735,0.12331535667181015,0.0022776934783905745,0.08633890002965927,0.04718638211488724
2023-01-16 20:51:43.861883,6.344523058032792e-07,0.9338283538818359,5.7744306104723364e-05,0.5400148034095764,0.11019448190927505,0.0024215378798544407,0.0853259414434433,0.0567781925201416
2023-01-16 20:51:44.096085,6.420199127887827e-08,0.7851265668869019,8.268069905170705e-06,0.45495516061782837,0.09173860400915146,0.002290031174197793,0.017321817576885223,0.15187199413776398
2023-01-16 20:51:44.203401,5.714410349355603e-07,0.8675916790962219,0.000687474268488586,0.30713263154029846,0.013792892917990685,0.00039412901969626546,0.13875053822994232,0.5510804057121277
2023-01-16 20:51:44.305674,1.5636868511137436e-07,0.8846826553344727,0.0003998516476713121,0.3487206697463989,0.009034411981701851,0.0012331341858953238,0.09058545529842377,0.22702524065971375
2023-01-16 20:51:44.827026,6.0441266214184e-06,0.6915924549102783,0.0002028648741543293,0.28029900789260864,0.5341582894325256,0.03418328985571861,0.04567309096455574,0.0957721397280693
2023-01-16 20:51:44.933915,9.481456800131127e-06,0.3698832392692566,8.505579899065197e-05,0.509739875793457,0.5183948874473572,0.3199314773082733,0.0036504482850432396,0.12308839708566666
2023-01-16 20:51:45.038860,1.7715087778924499e-06,0.08898952603340149,4.861023171542911e-06,0.4896997809410095,0.5696766972541809,0.8414093255996704,8.554783562431112e-05,0.2561582028865814
2023-01-16 20:51:45.145618,9.354403118777554e-08,0.017213664948940277,7.128259937871917e-08,0.4303015470504761,0.5878818035125732,0.9043620228767395,9.191562071464432e-07,0.6526678204536438
2023-01-16 20:51:45.256987,2.934561393885815e-07,0.24173681437969208,6.170206461320049e-07,0.6843106150627136,0.4314623177051544,0.8627897500991821,2.1791542167193256e-05,0.09369160234928131
2023-01-16 20:51:45.360426,2.6859288482228294e-06,0.22610653936862946,1.37959978019353e-05,0.6023672819137573,0.6391454935073853,0.8083263039588928,0.0005691847763955593,0.04932647570967674
2023-01-16 20:51:45.467874,4.047381878535816e-07,0.09712322056293488,1.1334495866321959e-06,0.6075208187103271,0.7423790097236633,0.7623536586761475,9.405759919900447e-05,0.07286442816257477
2023-01-16 20:51:45.574958,8.943175089370925e-07,0.272591769695282,4.303329205868067e-06,0.544220507144928,0.5792288184165955,0.7682263851165771,0.00015084388724062592,0.06918589025735855
2023-01-16 20:51:45.681986,1.6192332168429857e-06,0.32353541254997253,7.342336630244972e-06,0.6106894016265869,0.6480220556259155,0.7790800929069519,0.0005418096552602947,0.02709173411130905
2023-01-16 20:51:45.788942,2.903439053625334e-07,0.3493087589740753,2.345980419704574e-06,0.6586084365844727,0.5630571842193604,0.2935308814048767,0.0010068072006106377,0.04680105298757553
2023-01-16 20:51:45.894358,1.1318233816837164e-07,0.8022010922431946,4.158562205702765e-06,0.6942611932754517,0.3433731198310852,0.020390186458826065,0.010383378714323044,0.01992613822221756
2023-01-16 20:51:46.001412,1.5724680224593612e-07,0.6083166599273682,3.4257243441970786e-06,0.7078604102134705,0.36825570464134216,0.061810657382011414,0.002738574519753456,0.0522327795624733
2023-01-16 20:51:46.107090,5.160575256013544e-08,0.1360660046339035,2.5778228973649675e-07,0.5841127634048462,0.17152026295661926,0.7948229908943176,6.072975338611286e-06,0.5287216901779175
2023-01-16 20:51:46.213550,1.1096874885652142e-07,0.3816229999065399,8.658150250084873e-07,0.6459657549858093,0.1319337636232376,0.4195314943790436,3.148686300846748e-05,0.3775526285171509
2023-01-16 20:51:46.318804,6.345587735268055e-07,0.3166968822479248,4.9263553592027165e-06,0.639233410358429,0.4091000556945801,0.46536147594451904,0.00021667394321411848,0.1614706814289093
2023-01-16 20:51:46.423163,3.6660580349234806e-07,0.6889126896858215,1.0006398952100426e-05,0.5555436611175537,0.1853969693183899,0.1913345903158188,0.0010401752078905702,0.07517363876104355
2023-01-16 20:51:46.527834,3.364568215147301e-07,0.7667580842971802,1.8745668057817966e-05,0.7282891273498535,0.09025290608406067,0.23263303935527802,0.0026741947513073683,0.022858353331685066
2023-01-16 20:51:46.634966,2.9083415142849844e-07,0.8885456919670105,2.9572966013802215e-05,0.7730641961097717,0.04049394279718399,0.09923352301120758,0.0019876654259860516,0.028462523594498634
2023-01-16 20:51:46.736801,5.666458946507191e-07,0.7965542078018188,2.5084675144171342e-05,0.7746019959449768,0.09602191299200058,0.1584390550851822,0.0020662182942032814,0.03390882536768913
2023-01-16 20:51:46.843112,2.2329355431338627e-07,0.8636021614074707,2.628016227390617e-05,0.6339865922927856,0.04613747447729111,0.047095172107219696,0.0028562420047819614,0.052286356687545776
2023-01-16 20:51:46.946363,3.4708779139691615e-07,0.881517231464386,1.715361031529028e-05,0.7673317193984985,0.04198882356286049,0.04154336825013161,0.003944546449929476,0.05352945253252983
2023-01-16 20:51:47.048075,1.8843340399143926e-07,0.9629108905792236,0.00010883659706450999,0.4658789038658142,0.013452337123453617,0.004334349185228348,0.02324356883764267,0.07990271598100662
2023-01-16 20:51:47.153898,9.49209493228409e-08,0.9658157229423523,8.082384010776877e-05,0.32057827711105347,0.019470859318971634,0.004601977299898863,0.021361926570534706,0.05640899017453194
2023-01-16 20:51:47.257826,1.2494270151819364e-07,0.9750040173530579,6.224488606676459e-05,0.5022133588790894,0.025594670325517654,0.0044425190426409245,0.04331646114587784,0.02371065504848957
2023-01-16 20:51:47.361495,6.777034400329285e-08,0.985592782497406,0.00011193430691491812,0.28947752714157104,0.01725793443620205,0.0009494586265645921,0.09831429272890091,0.032466500997543335
2023-01-16 20:51:47.464267,1.1157978008213831e-07,0.9781782031059265,0.0001448531256755814,0.320075660943985,0.02088438719511032,0.0019238749518990517,0.07141676545143127,0.03848438709974289
2023-01-16 20:51:47.569577,2.850677844890015e-07,0.9585233330726624,0.00013533509627450258,0.33228927850723267,0.02504475973546505,0.003596923314034939,0.036835093051195145,0.09677812457084656
2023-01-16 20:51:47.672557,1.0347726231429988e-07,0.9663872718811035,7.183368143159896e-05,0.3637045919895172,0.012711122632026672,0.0059563349932432175,0.015075622126460075,0.0751127228140831
2023-01-16 20:51:47.777174,1.0662137128747418e-07,0.9726994633674622,0.00011247397924307734,0.25282976031303406,0.014260025694966316,0.0056445361115038395,0.018517624586820602,0.083949014544487
2023-01-16 20:51:48.380708,1.732474999016631e-07,0.8402822017669678,1.3140296687197406e-05,0.3730962574481964,0.2647358775138855,0.022803043946623802,0.009552634321153164,0.04096062853932381
2023-01-16 20:51:48.486526,1.6674719915954483e-07,0.7963647246360779,1.0711841241572984e-05,0.5193933248519897,0.20679335296154022,0.029941605404019356,0.007268015295267105,0.048906996846199036
2023-01-16 20:51:48.602753,4.0969192127704446e-07,0.43216362595558167,1.111838446377078e-05,0.5481166243553162,0.6254969239234924,0.18396776914596558,0.005329431500285864,0.0436408706009388
2023-01-16 20:51:48.707442,3.2297236884915037e-07,0.42664265632629395,6.240971742954571e-06,0.5448225736618042,0.43268921971321106,0.17287907004356384,0.0018289044965058565,0.10276521742343903
2023-01-16 20:51:48.935413,6.831678547314368e-07,0.2700042426586151,1.520318619441241e-05,0.3503575623035431,0.6484797596931458,0.1642211377620697,0.00353431049734354,0.17870180308818817
2023-01-16 20:51:49.047127,6.94809500600968e-07,0.4287523329257965,1.5592608178849332e-05,0.5337666273117065,0.3853133022785187,0.1641552448272705,0.0030802139081060886,0.1528436243534088
2023-01-16 20:51:49.150476,2.6965699362335727e-07,0.4660450220108032,1.1253724551352207e-05,0.5073736310005188,0.47450071573257446,0.07602893561124802,0.004573214799165726,0.08254195004701614
2023-01-16 20:51:49.254603,7.570183413463383e-08,0.6134858727455139,2.382619641139172e-06,0.6673562526702881,0.1287265121936798,0.19393238425254822,0.00019189604790881276,0.15806663036346436
2023-01-16 20:51:49.361303,6.597326684953941e-09,0.033332761377096176,3.362229250569726e-08,0.5659245252609253,0.16605402529239655,0.9676170349121094,9.28470527128411e-08,0.6605496406555176
2023-01-16 20:51:49.464998,8.416069507966029e-10,0.05491260066628456,1.008885330833209e-08,0.37706562876701355,0.023832837119698524,0.8476631045341492,2.1415331730167964e-08,0.9117581248283386
2023-01-16 20:51:49.565739,5.4047720965400003e-08,0.8561314344406128,8.260834874818102e-06,0.3082825839519501,0.053130343556404114,0.040577903389930725,0.0006717040087096393,0.13114292919635773
2023-01-16 20:51:49.674147,8.175303634061493e-08,0.9743143916130066,0.0001247144682565704,0.25805386900901794,0.01583971083164215,0.009558325633406639,0.014452803879976273,0.059752944856882095
2023-01-16 20:51:49.777349,2.0820804635945933e-08,0.4580141603946686,9.200165322909015e-07,0.3582909405231476,0.08020162582397461,0.3323890268802643,1.6903477444429882e-05,0.34573298692703247
2023-01-16 20:51:49.879558,8.543329244048437e-08,0.39381641149520874,2.3797015273885336e-06,0.3046737015247345,0.12917034327983856,0.3552866578102112,2.512321952963248e-05,0.4769492447376251
2023-01-16 20:51:49.984726,4.8387477136202506e-08,0.4051220417022705,2.2333263132168213e-06,0.30138835310935974,0.09931141138076782,0.1944645345211029,2.8906668376293965e-05,0.5018812417984009
2023-01-16 20:51:50.086838,2.3487447542436257e-09,0.024581272155046463,3.7896409565973954e-08,0.30480509996414185,0.047955773770809174,0.7411495447158813,3.002596926648948e-08,0.9764092564582825
2023-01-16 20:51:50.193429,3.814644156108216e-09,0.013103210367262363,6.226528626029904e-08,0.2487105280160904,0.05837695673108101,0.8673809170722961,3.5815808985262265e-08,0.9707983136177063
2023-01-16 20:51:50.294985,1.0298085051374528e-08,0.036550041288137436,2.390863187429204e-07,0.105006143450737,0.3200971782207489,0.5469105243682861,1.1279921636742074e-06,0.8783735632896423
2023-01-16 20:51:50.396664,1.2832360596348735e-07,0.9047843813896179,1.915166103572119e-05,0.4054756462574005,0.10065068304538727,0.007592391688376665,0.007963520474731922,0.09912009537220001
2023-01-16 20:51:50.498605,7.719845029896533e-08,0.9645732641220093,4.944329339195974e-05,0.38847851753234863,0.03045813925564289,0.003672708058729768,0.025371765717864037,0.049807604402303696
2023-01-16 20:51:50.601525,3.677045867789275e-07,0.8825365900993347,4.478033588384278e-05,0.43129435181617737,0.10959582030773163,0.006628892850130796,0.019229281693696976,0.1494300663471222
2023-01-16 20:51:50.704957,2.0729534355723445e-07,0.6779228448867798,1.362882449029712e-05,0.3871316611766815,0.04560422524809837,0.15418706834316254,0.0001809405948733911,0.3937515318393707
2023-01-16 20:51:50.810775,2.1038916031557164e-07,0.9384363889694214,0.00013225960719864815,0.30524325370788574,0.02888414077460766,0.010274117812514305,0.010629348456859589,0.13933305442333221
2023-01-16 20:51:50.911899,9.880840678988534e-08,0.9832149147987366,0.00010408401431050152,0.42329585552215576,0.008225098252296448,0.0026184527669101954,0.03403328359127045,0.07126888632774353
2023-01-16 20:51:51.017297,3.737227416422684e-07,0.9618784189224243,0.00011884530249517411,0.45432236790657043,0.023073680698871613,0.008642146363854408,0.02572833187878132,0.08317679911851883
2023-01-16 20:51:51.122067,1.3026834722040803e-07,0.9225549697875977,4.9063404730986804e-05,0.27370598912239075,0.03673005849123001,0.009229409508407116,0.006371070630848408,0.16105595231056213
2023-01-16 20:51:51.226382,9.092072161820397e-08,0.7364412546157837,1.457152120565297e-05,0.17682746052742004,0.11728917062282562,0.12476757168769836,0.00042257289169356227,0.1763804405927658
2023-01-16 20:51:51.333790,3.863913775603578e-07,0.4505516290664673,5.366699497244554e-06,0.2840525507926941,0.3452165126800537,0.17516528069972992,0.0005443691625259817,0.2426845282316208
2023-01-16 20:51:51.435811,5.479522542373161e-07,0.33849114179611206,7.618629297212465e-06,0.3166294991970062,0.35435017943382263,0.5390854477882385,0.000164011464221403,0.24670954048633575
2023-01-16 20:51:51.540667,7.31517275198712e-07,0.2891285717487335,9.288313776778523e-06,0.3683187663555145,0.5129597187042236,0.34680476784706116,0.0005457084625959396,0.20157305896282196
2023-01-16 20:51:51.645134,8.443142291980621e-07,0.5950973033905029,4.7443936637137085e-05,0.24258452653884888,0.4223928153514862,0.19106794893741608,0.003231673501431942,0.10471038520336151
2023-01-16 20:51:51.749379,3.7498190863516356e-07,0.6930529475212097,2.9990771508892067e-05,0.578701913356781,0.2467895895242691,0.012118332087993622,0.011566090397536755,0.13563822209835052
2023-01-16 20:51:51.856700,5.569306722463807e-07,0.7695625424385071,1.935520958795678e-05,0.578540563583374,0.07185052335262299,0.14622142910957336,0.0007251152419485152,0.15910345315933228
2023-01-16 20:51:51.965008,5.939122615927772e-07,0.7919483184814453,6.602298526559025e-05,0.2817392349243164,0.0982619896531105,0.044282786548137665,0.0021960418671369553,0.23788294196128845
2023-01-16 20:51:52.072365,1.0506149550337796e-07,0.9683645367622375,7.010596164036542e-05,0.43170711398124695,0.02249479852616787,0.0035427813418209553,0.022597044706344604,0.05173519626259804
2023-01-16 20:51:52.176145,5.136673664196678e-08,0.9881830811500549,7.966981502249837e-05,0.3880672752857208,0.010350694879889488,0.0008544521988369524,0.05994299054145813,0.04497227817773819
2023-01-16 20:51:52.279548,6.019484288799504e-08,0.9803069233894348,7.569471199531108e-05,0.24883325397968292,0.031348537653684616,0.0008976233075372875,0.04559744894504547,0.07860621064901352
2023-01-16 20:51:52.383442,3.897502409699882e-08,0.9862491488456726,6.525789649458602e-05,0.283459335565567,0.017171846702694893,0.0007094168104231358,0.04644893482327461,0.06454998254776001
2023-01-16 20:51:52.486253,5.7660496821654306e-08,0.9782853126525879,2.3506954676122405e-05,0.4214707314968109,0.02261222153902054,0.0007362127653323114,0.04948906600475311,0.06587573885917664
2023-01-16 20:51:52.591124,1.4516471935621666e-07,0.9196301698684692,2.340069113415666e-05,0.6100293397903442,0.05731933191418648,0.013582233339548111,0.011347678489983082,0.038773998618125916
2023-01-16 20:51:52.693377,4.0652071220392827e-07,0.8616277575492859,2.4949496946646832e-05,0.6135158538818359,0.060697443783283234,0.0354948416352272,0.004925092216581106,0.09497865289449692
2023-01-16 20:51:52.795077,8.283148389409689e-08,0.8558133244514465,5.348806098481873e-06,0.7457033395767212,0.05611301213502884,0.04578240588307381,0.001167841488495469,0.08806056529283524
2023-01-16 20:51:53.041863,8.605820056573066e-08,0.823640763759613,1.0459574696142226e-05,0.568073570728302,0.0637611597776413,0.080253966152668,0.0010726699838414788,0.07781582325696945
2023-01-16 20:51:53.147925,2.7307197569825803e-07,0.5895932912826538,5.671461167366942e-06,0.4550817906856537,0.29888716340065,0.27138033509254456,0.0004948234418407083,0.10029628872871399
2023-01-16 20:51:53.253543,2.2577403058221535e-07,0.3241208493709564,2.501091557860491e-06,0.4766978919506073,0.4250781536102295,0.6254198551177979,0.00014320113405119628,0.08932437747716904
2023-01-16 20:51:53.360338,2.661993789843109e-07,0.31760022044181824,2.758274604275357e-06,0.37557321786880493,0.6030888557434082,0.5694623589515686,0.00018698640633374453,0.07856646925210953
2023-01-16 20:51:53.464875,3.544898561358423e-07,0.2228781133890152,3.5383873182581738e-06,0.376565158367157,0.6264362335205078,0.6249036192893982,0.00016848639643285424,0.11915644258260727
2023-01-16 20:51:53.571517,1.332207943960384e-07,0.19511251151561737,9.964394394046394e-07,0.3094176948070526,0.4285939931869507,0.4862898588180542,3.418649794184603e-05,0.3431147634983063
2023-01-16 20:51:53.681108,6.974232746870257e-08,0.1366913616657257,4.990642423763347e-07,0.4645867347717285,0.19723893702030182,0.757723867893219,7.439037744916277e-06,0.427842378616333
2023-01-16 20:51:53.789465,1.4167220285798976e-07,0.9341198205947876,5.486797454068437e-05,0.25978726148605347,0.07857872545719147,0.009590383619070053,0.008001827634871006,0.09111333638429642
2023-01-16 20:51:53.892492,3.3611136984745826e-08,0.991665780544281,0.0001383272756356746,0.2841406464576721,0.011956737376749516,0.000490666541736573,0.07566557824611664,0.03744005411863327
2023-01-16 20:51:53.997497,6.840179480605002e-07,0.8992878198623657,0.0001031476422213018,0.5408058762550354,0.13850001990795135,0.008898841217160225,0.025788219645619392,0.0666312575340271
2023-01-16 20:51:54.099010,1.7949638220216002e-07,0.3313610255718231,1.970734729184187e-06,0.28850865364074707,0.25733521580696106,0.268561452627182,5.638290895149112e-05,0.42075714468955994
2023-01-16 20:51:54.205147,2.0275577128359146e-07,0.4137824475765228,2.857746494555613e-06,0.4779389798641205,0.36013486981391907,0.31080877780914307,0.0002762034418992698,0.10520444810390472
2023-01-16 20:51:54.309047,1.4190236186095717e-07,0.09476383030414581,1.2716411674773553e-06,0.24983422458171844,0.20024658739566803,0.6735786199569702,7.677255780436099e-06,0.7460577487945557
2023-01-16 20:51:54.416896,4.07378024647187e-07,0.25288155674934387,3.0364781196112745e-06,0.5528518557548523,0.49218320846557617,0.4004884958267212,0.0003054109402000904,0.18592417240142822
2023-01-16 20:51:54.520726,3.786870479416393e-07,0.20559942722320557,2.4123933144437615e-06,0.47772955894470215,0.34287965297698975,0.7216123342514038,6.079872764530592e-05,0.21942196786403656
2023-01-16 20:51:54.625464,4.0478951746081293e-07,0.1507134884595871,2.3064465040079085e-06,0.41027313470840454,0.35399946570396423,0.8189748525619507,3.584710793802515e-05,0.2920835018157959
2023-01-16 20:51:54.732288,3.448658247862113e-08,0.21852631866931915,7.14272573532071e-07,0.3112400472164154,0.11982986330986023,0.6814025640487671,6.472246241173707e-06,0.41560930013656616
2023-01-16 20:51:54.837724,1.0439313768983993e-07,0.3203122913837433,1.94778249351657e-06,0.5820996165275574,0.3382043242454529,0.49435290694236755,9.220976789947599e-05,0.10611914098262787
2023-01-16 20:51:54.942499,1.545641765687833e-07,0.38094598054885864,5.805828095617471e-06,0.603701651096344,0.22980260848999023,0.42269545793533325,0.00017207222117576748,0.12927041947841644
2023-01-16 20:51:55.044962,8.775053572662728e-08,0.425726979970932,2.946330141639919e-06,0.6481286287307739,0.13694560527801514,0.7736037373542786,4.7825098590692505e-05,0.0858386904001236
2023-01-16 20:51:55.150386,1.252556245390224e-07,0.393414169549942,4.232824721839279e-06,0.5909345746040344,0.18090546131134033,0.4708685576915741,0.00010419564205221832,0.1792379766702652
2023-01-16 20:51:55.254980,1.7744443425726786e-07,0.4022569954395294,4.544930106931133e-06,0.47378164529800415,0.22925065457820892,0.6446735262870789,0.00011032013571821153,0.1283656358718872
2023-01-16 20:51:55.360085,9.110160448244642e-08,0.18976932764053345,8.737763437238755e-07,0.6967357397079468,0.2089604139328003,0.838463306427002,1.1231422831770033e-05,0.2539798617362976
2023-01-16 20:51:55.466017,2.689850759907131e-07,0.2920264005661011,3.5544555885280715e-06,0.46509987115859985,0.22963598370552063,0.651248574256897,4.429057298693806e-05,0.30269482731819153
2023-01-16 20:51:55.569383,5.410063153021838e-08,0.08889715373516083,3.8259884149738355e-07,0.5988189578056335,0.4233008921146393,0.7696099877357483,1.0163636943616439e-05,0.362960547208786
2023-01-16 20:51:55.676239,1.022559175112292e-07,0.16603848338127136,1.0835511830009636e-06,0.6320454478263855,0.22376614809036255,0.8022881150245667,1.0975479199260008e-05,0.3770295977592468
2023-01-16 20:51:55.782717,2.0016801727251732e-07,0.28703945875167847,2.7795820187748177e-06,0.47679558396339417,0.19084301590919495,0.6073940396308899,3.4839071304304525e-05,0.34624677896499634
2023-01-16 20:51:55.886259,6.653074251516955e-07,0.21953091025352478,4.353245913080173e-06,0.7624045014381409,0.23248794674873352,0.7756722569465637,5.086717283120379e-05,0.2865232825279236
2023-01-16 20:51:55.991287,5.250058165984228e-07,0.23291461169719696,6.045435384294251e-06,0.5594882965087891,0.21759429574012756,0.8867155909538269,3.867939449264668e-05,0.2435973435640335
2023-01-16 20:51:56.094247,1.4868685127567005e-07,0.5779869556427002,5.570179382630158e-06,0.5774751305580139,0.10433361679315567,0.5627925992012024,0.00014085003931540996,0.06780273467302322
2023-01-16 20:51:56.201244,4.401506004114708e-08,0.18117721378803253,3.770600187635864e-07,0.31647273898124695,0.10523297637701035,0.6366115808486938,4.018439540232066e-06,0.5917867422103882
2023-01-16 20:51:56.307373,3.275097171240304e-08,0.920822262763977,1.0199835742241703e-05,0.2133217304944992,0.041238538920879364,0.025050481781363487,0.0006543264025822282,0.11861080676317215
2023-01-16 20:51:56.407909,1.8836274762179528e-08,0.9639188647270203,1.6728821719880216e-05,0.14036573469638824,0.07216542959213257,0.004052104894071817,0.005094822496175766,0.048766929656267166
2023-01-16 20:51:56.510804,7.926526279788959e-08,0.862343966960907,3.175969686708413e-05,0.13395431637763977,0.17524904012680054,0.01614110916852951,0.002932949922978878,0.11635749042034149
2023-01-16 20:51:56.612657,1.2260112214335095e-07,0.7727940082550049,3.0159646485117264e-05,0.13176994025707245,0.18035972118377686,0.026207219809293747,0.0016350174555554986,0.22755056619644165
2023-01-16 20:51:56.719748,2.3956243921929854e-07,0.9533931612968445,0.00013258324179332703,0.4796551764011383,0.021928604692220688,0.026395877823233604,0.00998681876808405,0.03972196951508522
2023-01-16 20:51:56.824806,6.521563733485891e-08,0.9924629926681519,0.00016304501332342625,0.4095744788646698,0.008415893651545048,0.0012649442069232464,0.08806969970464706,0.02126183919608593
2023-01-16 20:51:56.930028,1.5817283838259755e-07,0.8864816427230835,1.597200935066212e-05,0.43449199199676514,0.05662642791867256,0.06376226991415024,0.0018634815933182836,0.06557522714138031
2023-01-16 20:51:57.174505,3.400627974770032e-06,0.5395343899726868,3.3277447073487565e-05,0.8293365240097046,0.3431215286254883,0.3278389275074005,0.0017984204459935427,0.10732416808605194
2023-01-16 20:51:57.281810,1.05664037164388e-06,0.45344075560569763,1.0846380064322148e-05,0.5000313520431519,0.23933829367160797,0.5680277943611145,0.00019759003771468997,0.24546252191066742
2023-01-16 20:51:57.384320,1.1538566013769014e-06,0.5858181118965149,2.3483471522922628e-05,0.2374582290649414,0.35579144954681396,0.1791764795780182,0.0015952710527926683,0.1901414543390274
2023-01-16 20:51:57.487403,1.876799871070034e-07,0.28583183884620667,2.3651109586353414e-06,0.35599052906036377,0.21188387274742126,0.45320191979408264,4.8548921768087894e-05,0.37423181533813477
2023-01-16 20:51:57.591861,3.6685830195892777e-07,0.8124983310699463,2.9230812288005836e-05,0.3069905638694763,0.12652523815631866,0.049684520810842514,0.0028618238866329193,0.1275252401828766
2023-01-16 20:51:57.699026,2.149976978671475e-07,0.8163539171218872,3.7864687328692526e-05,0.19367295503616333,0.09177809953689575,0.05284341424703598,0.001455229939892888,0.17375031113624573
2023-01-16 20:51:57.807944,9.495263242342844e-08,0.6500806212425232,3.01725913232076e-06,0.449258953332901,0.43523144721984863,0.022224677726626396,0.0033832250628620386,0.05306505039334297
2023-01-16 20:51:57.913329,7.2922192728697155e-09,0.16480235755443573,4.014647458916443e-08,0.2834661602973938,0.07731188833713531,0.39603039622306824,1.2973008551853127e-06,0.6874374151229858
2023-01-16 20:51:58.020437,1.1236524599667064e-08,0.16712522506713867,1.7750113556758151e-07,0.22640040516853333,0.13876958191394806,0.4714418351650238,2.0380430214572698e-06,0.6075640320777893
2023-01-16 20:51:58.125288,3.846940899165929e-08,0.7476732134819031,2.6002471713582054e-06,0.1514228880405426,0.055668700486421585,0.03862198442220688,0.00010068385017802939,0.51263427734375
2023-01-16 20:51:58.230182,8.31152036084859e-09,0.9870551824569702,6.350855983328074e-05,0.06387369334697723,0.018870336934924126,0.0002597120765130967,0.016821829602122307,0.16511116921901703
2023-01-16 20:51:58.333787,1.8737052798201148e-08,0.9391181468963623,1.7371505236951634e-05,0.10879305750131607,0.025282248854637146,0.002090750029310584,0.002645764034241438,0.32685092091560364
2023-01-16 20:51:58.437706,1.5354173044102026e-08,0.7533289790153503,1.7845620732259704e-06,0.3434523642063141,0.17853780090808868,0.036633897572755814,0.00023148127365857363,0.14398138225078583
2023-01-16 20:51:58.551229,1.865539189793708e-08,0.6092171669006348,1.742654148984002e-06,0.21150614321231842,0.14640803635120392,0.10738039761781693,7.562493556179106e-05,0.23011653125286102
2023-01-16 20:51:58.662212,3.4238638590977644e-08,0.9677113890647888,4.0582770452601835e-05,0.3087199330329895,0.029676528647542,0.002286127768456936,0.013334235176444054,0.04825008288025856
2023-01-16 20:51:58.767399,5.631219490709327e-09,0.996404767036438,0.00023399811470881104,0.11730899661779404,0.006896018981933594,6.9936562795192e-05,0.22407782077789307,0.02697228267788887
2023-01-16 20:51:58.870737,1.0354933266398803e-07,0.9703492522239685,0.00010016787564381957,0.39827966690063477,0.06318281590938568,0.003925399389117956,0.033343639224767685,0.024212917312979698
2023-01-16 20:51:58.976606,1.336186556954999e-07,0.9746674299240112,0.00016196176875382662,0.2832699418067932,0.044026248157024384,0.0010611931793391705,0.09020393341779709,0.04833453521132469
2023-01-16 20:51:59.082623,5.0563038200834853e-08,0.9778199791908264,4.884911686531268e-05,0.37479180097579956,0.04969645291566849,0.001262943958863616,0.04366302490234375,0.02798435091972351
2023-01-16 20:51:59.186420,4.187986846204694e-08,0.9881072640419006,5.604011312243529e-05,0.3607403337955475,0.02489933744072914,0.0004304647445678711,0.07729653269052505,0.03399854525923729
2023-01-16 20:51:59.291591,4.5656378233616124e-08,0.9848280549049377,4.078782149008475e-05,0.3600659668445587,0.033663999289274216,0.00020213522657286376,0.11905338615179062,0.05019795894622803
2023-01-16 20:51:59.397475,1.8308551830159558e-07,0.9359355568885803,3.810049020103179e-05,0.2850284278392792,0.06638214737176895,0.007865036837756634,0.008067396469414234,0.100936159491539
2023-01-16 20:51:59.499303,5.3636522778788276e-08,0.987818717956543,5.1842842367477715e-05,0.30161944031715393,0.028070343658328056,0.00018660933710634708,0.14590314030647278,0.05792241543531418
2023-01-16 20:51:59.613032,5.264577751518118e-08,0.987581729888916,9.82087294687517e-05,0.14732056856155396,0.03940599784255028,0.0002618982398416847,0.16046082973480225,0.06731729209423065
2023-01-16 20:51:59.715491,7.294490700360257e-08,0.9882607460021973,9.202293585985899e-05,0.22073769569396973,0.0343913659453392,0.000431365187978372,0.1132662370800972,0.057104405015707016
2023-01-16 20:52:00.323063,7.218546329568198e-07,0.7619730830192566,5.1154762331862e-05,0.31709301471710205,0.11405787616968155,0.02026313729584217,0.0039038886316120625,0.3692719042301178
2023-01-16 20:52:00.430427,5.172386181584443e-07,0.3488570749759674,1.99375153897563e-05,0.2331409752368927,0.36459729075431824,0.10387357324361801,0.0004531556915026158,0.5547537803649902
2023-01-16 20:52:00.533742,1.2057041658408707e-06,0.320296972990036,4.5345514081418514e-05,0.14883896708488464,0.321668803691864,0.3353045582771301,0.00029150035697966814,0.5231093168258667
2023-01-16 20:52:00.637221,2.6141462967643747e-06,0.428002268075943,6.459916767198592e-05,0.18924647569656372,0.3285873532295227,0.3329673111438751,0.0008008349104784429,0.384041428565979
2023-01-16 20:52:00.742411,1.7096557485274388e-06,0.9278267621994019,0.0005811227019876242,0.2167108803987503,0.08695843815803528,0.022962598130106926,0.021458467468619347,0.11815579980611801
2023-01-16 20:52:00.843673,3.377525445102947e-06,0.9398393034934998,0.0008288480457849801,0.2236754596233368,0.2139284312725067,0.001244360231794417,0.48065459728240967,0.09127215296030045
2023-01-16 20:52:00.945489,1.3996950656292029e-06,0.6958754658699036,4.008742325822823e-05,0.7937669157981873,0.1818583458662033,0.16803573071956635,0.0038115759380161762,0.07984434068202972
2023-01-16 20:52:01.053055,1.1303784503979841e-06,0.26435837149620056,6.964740350667853e-06,0.5857848525047302,0.46084168553352356,0.38060683012008667,0.0006650504074059427,0.24093538522720337
2023-01-16 20:52:01.158233,2.9985770311213855e-07,0.17008817195892334,1.6965047962003155e-06,0.25090736150741577,0.27200013399124146,0.4183756709098816,4.691223875852302e-05,0.6046900749206543
2023-01-16 20:52:01.262459,1.0342286032027914e-06,0.24576188623905182,8.429542504018173e-06,0.5005466341972351,0.3775707185268402,0.4356212317943573,0.0002694827562663704,0.2513143718242645
2023-01-16 20:52:01.365866,2.8257761641725665e-07,0.2530214190483093,2.3382344807032496e-06,0.45484811067581177,0.40947356820106506,0.24078570306301117,0.00020320733892731369,0.2628796696662903
2023-01-16 20:52:01.469191,4.60925178913385e-07,0.8048691153526306,3.8704118196619675e-05,0.431968092918396,0.07451965659856796,0.03435303270816803,0.002556719584390521,0.163963183760643
2023-01-16 20:52:01.705857,6.113928208151265e-08,0.9118327498435974,9.94592937786365e-06,0.5384735465049744,0.06074013188481331,0.011204958893358707,0.006145965773612261,0.0335674025118351
2023-01-16 20:52:01.810909,3.3193214221682865e-07,0.8019676208496094,3.966869189753197e-05,0.28257280588150024,0.16525889933109283,0.014444892294704914,0.005306888837367296,0.19893305003643036
2023-01-16 20:52:01.928887,7.222941178497422e-08,0.9771090149879456,0.00014498356904368848,0.33896520733833313,0.0167098268866539,0.0019957039039582014,0.03200508654117584,0.057093970477581024
2023-01-16 20:52:02.036033,1.3624249106669595e-07,0.8873360753059387,3.343815478729084e-05,0.24804705381393433,0.0459761917591095,0.010107595473527908,0.0034021660685539246,0.2259521484375
2023-01-16 20:52:02.138434,4.329168490357915e-08,0.9686447381973267,4.562803223961964e-05,0.32433435320854187,0.024672960862517357,0.0026156650856137276,0.015544516034424305,0.0560409240424633
2023-01-16 20:52:02.241009,1.2100036883566645e-07,0.9399023652076721,6.0929662140551955e-05,0.509197473526001,0.0354575589299202,0.021737344563007355,0.009247339330613613,0.029258335009217262
2023-01-16 20:52:02.345887,2.7478463948682474e-07,0.9800974726676941,0.00039013035711832345,0.4184595048427582,0.011584240011870861,0.004078339319676161,0.04776166379451752,0.05974552407860756
2023-01-16 20:52:02.451599,2.7681673486767977e-07,0.9839884638786316,0.0004598155792336911,0.38081154227256775,0.01673157513141632,0.003029813291504979,0.0893644317984581,0.034096475690603256
2023-01-16 20:52:02.555559,3.016583605131018e-07,0.9885827302932739,0.0005519352271221578,0.2994121313095093,0.029665470123291016,0.0007308484055101871,0.3053722381591797,0.023189939558506012
2023-01-16 20:52:02.659404,1.3409700727606833e-07,0.9913164377212524,0.00036602557520382106,0.2229776829481125,0.04896628111600876,0.00040051390533335507,0.4106605648994446,0.012961708940565586
2023-01-16 20:52:02.764643,2.725037973050348e-07,0.9893695116043091,0.0005438424996100366,0.26884087920188904,0.024256322532892227,0.001703393878415227,0.13409261405467987,0.037339843809604645
2023-01-16 20:52:02.868286,2.2005110622558277e-07,0.9812840819358826,0.00019860055181197822,0.6560879349708557,0.01059033628553152,0.003452156437560916,0.04358847066760063,0.038482166826725006
2023-01-16 20:52:02.972006,2.193004888795258e-07,0.9883253574371338,0.00022695030202157795,0.6043294668197632,0.009321295656263828,0.0017900961684063077,0.07561743259429932,0.031637124717235565
2023-01-16 20:52:03.767854,2.1809351835599955e-07,0.49635064601898193,3.891185315296752e-06,0.5272690057754517,0.16263385117053986,0.25944235920906067,0.0001692404184723273,0.21158967912197113
2023-01-16 20:52:03.872689,4.370385653373887e-08,0.16314715147018433,3.369159742305783e-07,0.38602355122566223,0.15868815779685974,0.7149938941001892,3.7576305658149067e-06,0.48660290241241455
2023-01-16 20:52:03.978321,3.3723239756255907e-09,0.011773642152547836,1.4017827254519943e-07,0.27885702252388,0.031344685703516006,0.9574072360992432,1.8962225567520363e-08,0.9626654386520386
2023-01-16 20:52:04.083277,4.924610497170079e-09,0.014327309094369411,1.0954421725273278e-07,0.27311357855796814,0.04254986718297005,0.9170580506324768,3.651977209528923e-08,0.9624916911125183
2023-01-16 20:52:04.186134,3.5640586037999356e-09,0.016830524429678917,2.1348027701151295e-07,0.28867679834365845,0.040772683918476105,0.983403742313385,2.744799942888676e-08,0.828828752040863
2023-01-16 20:52:04.289557,8.453993949331107e-09,0.06979034841060638,3.4011492289209855e-07,0.2544704079627991,0.0547388456761837,0.9853891730308533,2.16319321566516e-07,0.4626666009426117
2023-01-16 20:52:04.392702,9.774385745231484e-09,0.03884473815560341,2.2313412273433642e-07,0.3014411926269531,0.06875551491975784,0.9877732396125793,1.2291054929391976e-07,0.5358697175979614
2023-01-16 20:52:04.496906,2.176584468216447e-09,0.050601229071617126,1.2502684398896236e-07,0.24559754133224487,0.030260134488344193,0.9883782267570496,4.950954846094646e-08,0.5722591280937195
2023-01-16 20:52:04.600492,1.9392536465545618e-09,0.014005107805132866,5.727761376306262e-08,0.263932466506958,0.02817673422396183,0.9731863141059875,1.2638095014949613e-08,0.9398158192634583
2023-01-16 20:52:04.704979,1.9025628716917709e-07,0.2800614833831787,6.624605248362059e-06,0.27830222249031067,0.10224787890911102,0.7949560284614563,1.7232639947906137e-05,0.4251554608345032
2023-01-16 20:52:04.810952,2.0934619726631354e-07,0.316890150308609,6.070624749554554e-06,0.25862184166908264,0.20935098826885223,0.5204977989196777,5.3990588639862835e-05,0.35906755924224854
2023-01-16 20:52:04.914036,6.165447530293022e-07,0.3462844491004944,1.2554600289149676e-05,0.22602702677249908,0.2915312945842743,0.4688253700733185,0.0001428445102646947,0.363810658454895
2023-01-16 20:52:05.017131,5.721084335164051e-07,0.5386600494384766,1.2393447832437232e-05,0.3312603831291199,0.2029576450586319,0.30473580956459045,0.000298301805742085,0.2193387746810913
2023-01-16 20:52:05.120136,1.9989136035292177e-06,0.7628835439682007,5.240891550783999e-05,0.38662219047546387,0.17454580962657928,0.04628894478082657,0.005155627615749836,0.21676602959632874
2023-01-16 20:52:05.228276,5.8401684555065e-07,0.9430356025695801,9.536479046801105e-05,0.2786191403865814,0.10989132523536682,0.0013256837846711278,0.119622141122818,0.10553081333637238
2023-01-16 20:52:05.329800,4.730424336685246e-07,0.907062828540802,6.109356036176905e-05,0.2456156611442566,0.08004696667194366,0.0046254550106823444,0.016501473262906075,0.19421207904815674
2023-01-16 20:52:05.431148,5.577310844273597e-07,0.6320172548294067,1.1203961548744701e-05,0.40553194284439087,0.1293242871761322,0.13434331119060516,0.00048476149095222354,0.28732776641845703
2023-01-16 20:52:05.535266,6.688209737149009e-07,0.5888059735298157,2.250454417662695e-05,0.3635612726211548,0.1375892609357834,0.1627379208803177,0.0005819005309604108,0.281240314245224
2023-01-16 20:52:05.640232,1.3071054354441003e-06,0.8598864674568176,0.00017640370060689747,0.16217049956321716,0.17228370904922485,0.00372232380323112,0.05102481320500374,0.30191323161125183
2023-01-16 20:52:05.742868,4.6365238404177944e-07,0.9821299910545349,0.0002807479177135974,0.26984867453575134,0.03489043191075325,0.0007936243200674653,0.2677048444747925,0.06524556875228882
2023-01-16 20:52:05.844964,8.570634690840961e-08,0.9793573617935181,7.472456491086632e-05,0.264946311712265,0.022385699674487114,0.0010110875591635704,0.04496655613183975,0.08358829468488693
2023-01-16 20:52:05.948604,1.2672774118982488e-07,0.9697349667549133,0.00014712884149048477,0.1974274218082428,0.03105836920440197,0.001369429170154035,0.06639788299798965,0.08645577728748322
2023-01-16 20:52:06.052773,1.25681722806803e-07,0.9199719429016113,4.5137348934076726e-05,0.27544301748275757,0.04402969777584076,0.00862769316881895,0.0069382768124341965,0.14265422523021698
2023-01-16 20:52:06.299483,1.901735124931747e-08,0.9730740785598755,1.5108947991393507e-05,0.37339550256729126,0.008784002624452114,0.0038622093852609396,0.002940552541986108,0.09445025026798248
2023-01-16 20:52:06.404127,1.2362929169285053e-07,0.9483343362808228,7.191503391368315e-05,0.2950619161128998,0.0650683119893074,0.005020692478865385,0.020271025598049164,0.05684584751725197
2023-01-16 20:52:06.507616,8.143477003841326e-08,0.9571871161460876,4.134647315368056e-05,0.5523412823677063,0.055014174431562424,0.00216309679672122,0.048871707171201706,0.026934953406453133
2023-01-16 20:52:06.611841,1.9481880997318513e-07,0.6456677913665771,9.78926800598856e-06,0.5956202149391174,0.12252994626760483,0.126482293009758,0.0005805095424875617,0.13341984152793884
2023-01-16 20:52:06.717574,3.329154552034197e-08,0.1695995330810547,1.9782768845288956e-07,0.639259934425354,0.15394453704357147,0.633305549621582,8.885782335710246e-06,0.30663225054740906
2023-01-16 20:52:06.823311,2.8469255397567395e-08,0.2006106823682785,1.808364089583847e-07,0.6928324103355408,0.09304514527320862,0.731867253780365,4.595325663103722e-06,0.420427143573761
2023-01-16 20:52:06.929352,2.553348394940258e-07,0.22389847040176392,2.5550539248797577e-06,0.8650311827659607,0.1516767293214798,0.7353641390800476,4.6870874939486384e-05,0.20550592243671417
2023-01-16 20:52:07.031500,5.123654318595072e-07,0.26293519139289856,4.093328698218102e-06,0.7247661352157593,0.21352243423461914,0.6044289469718933,0.00011841759260278195,0.25567248463630676
2023-01-16 20:52:07.139804,3.610439591739123e-07,0.2315550595521927,1.8746887917586719e-06,0.6268741488456726,0.19442743062973022,0.8142776489257812,2.215146741946228e-05,0.25770503282546997
2023-01-16 20:52:07.247823,1.6219409815221297e-07,0.05987010896205902,1.149529111899028e-06,0.3333255350589752,0.17565545439720154,0.8249014019966125,4.460523541638395e-06,0.6975494027137756
2023-01-16 20:52:07.354798,2.587159428912855e-07,0.20752839744091034,3.1350118661066517e-06,0.3709665834903717,0.22825786471366882,0.8346723914146423,3.933823245461099e-05,0.16533392667770386
2023-01-16 20:52:07.460571,7.819160146027571e-07,0.500106930732727,1.495229298598133e-05,0.7780900001525879,0.1527259796857834,0.4368056654930115,0.00044714956311509013,0.08500371873378754
2023-01-16 20:52:07.569767,2.9205574492152664e-07,0.14136391878128052,1.224220454787428e-06,0.5648151636123657,0.08568470925092697,0.7158756256103516,1.5775640349602327e-05,0.5726776719093323
2023-01-16 20:52:07.675546,2.0780323950475577e-07,0.34852325916290283,7.627132845300366e-07,0.8514812588691711,0.05288100615143776,0.7023587226867676,1.142965629696846e-05,0.2967686355113983
2023-01-16 20:52:07.782619,1.8469698659373535e-07,0.14840121567249298,6.215653343133454e-07,0.638024091720581,0.10633445531129837,0.8131398558616638,5.893606612517033e-06,0.5728376507759094
2023-01-16 20:52:07.889400,2.01131999943982e-08,0.08005857467651367,2.396552361005888e-07,0.756894588470459,0.018119456246495247,0.953830361366272,2.2161016488553287e-07,0.749341607093811
2023-01-16 20:52:07.990921,2.559357170639487e-08,0.0676669105887413,5.4482217848317305e-08,0.764637291431427,0.14732131361961365,0.8876993656158447,3.079922805682145e-07,0.6001960635185242
2023-01-16 20:52:08.094644,1.0442514408737225e-08,0.07503289729356766,7.412881330992604e-08,0.7551115155220032,0.027650853618979454,0.9710894823074341,1.504425455323144e-07,0.4230909049510956
2023-01-16 20:52:08.198360,2.6143350595475567e-08,0.17833633720874786,3.746691561445914e-07,0.9520769119262695,0.0426141656935215,0.99000483751297,5.830669351780671e-07,0.018972627818584442
2023-01-16 20:52:08.301862,2.0389808241816354e-07,0.6379834413528442,1.1600901416386478e-05,0.9448649287223816,0.18150396645069122,0.3489714562892914,0.0009457177366130054,0.0032802566420286894
2023-01-16 20:52:08.405039,1.362646230518294e-06,0.9334812760353088,0.00017538430984131992,0.8781353831291199,0.05936504155397415,0.02281862124800682,0.05043056607246399,0.006338999606668949
2023-01-16 20:52:08.507163,1.4204414355845074e-06,0.9261356592178345,9.208438132191077e-05,0.8776899576187134,0.03752415254712105,0.10210134088993073,0.009018613025546074,0.013404516503214836
2023-01-16 20:52:08.617503,1.5896068816800835e-06,0.10040000826120377,4.2726392166514415e-06,0.8198962807655334,0.530273973941803,0.9735618233680725,3.72067115677055e-05,0.08644433319568634
2023-01-16 20:52:08.721939,2.2562294077488332e-07,0.09017930179834366,8.88070701421384e-07,0.6792017817497253,0.28073546290397644,0.9864655137062073,2.590213398434571e-06,0.12288066744804382
2023-01-16 20:52:08.824509,2.057744950434426e-06,0.054841548204422,5.099138888908783e-06,0.5435296297073364,0.7896992564201355,0.9896755814552307,1.9427388906478882e-05,0.11599469184875488
2023-01-16 20:52:08.928955,3.1041057013680984e-07,0.020924605429172516,9.356666055282403e-07,0.6251866221427917,0.5524057745933533,0.997799813747406,6.983962634876661e-07,0.18964716792106628
2023-01-16 20:52:09.034031,5.90333286254463e-07,0.05412419140338898,2.480075863786624e-06,0.3340936601161957,0.4227692484855652,0.961599588394165,3.3203007205884205e-06,0.5710095167160034
2023-01-16 20:52:09.137307,6.025101129125687e-07,0.054836805909872055,1.315982103733404e-06,0.377260684967041,0.35163643956184387,0.9295160174369812,3.619672725108103e-06,0.6213176846504211
2023-01-16 20:52:09.238568,2.0767695332324365e-06,0.12162716686725616,7.664321856282186e-06,0.5045573711395264,0.6087648272514343,0.8767253160476685,4.343652108218521e-05,0.3203102946281433
2023-01-16 20:52:09.341148,1.4020450862517464e-06,0.8451799750328064,0.00034970638807862997,0.1248563677072525,0.17300280928611755,0.04698265343904495,0.009831791743636131,0.17039848864078522
2023-01-16 20:52:09.446583,1.6487229004269466e-06,0.8623431921005249,0.0002503533032722771,0.441346138715744,0.04638613387942314,0.046387918293476105,0.007286486681550741,0.15882402658462524
2023-01-16 20:52:09.549417,1.6652232659453148e-07,0.33226269483566284,3.897740953107132e-06,0.435190349817276,0.06415791809558868,0.5597557425498962,2.4581167963333428e-05,0.47748997807502747
2023-01-16 20:52:09.653179,1.236882525290639e-07,0.08444122225046158,9.500096780357126e-07,0.328515887260437,0.3559706509113312,0.7964279651641846,5.869913820788497e-06,0.5047545433044434
2023-01-16 20:52:09.762485,6.096809812561332e-08,0.060419704765081406,4.3211340994275815e-07,0.35022613406181335,0.1883467733860016,0.821262001991272,2.7674523153109476e-06,0.5827937722206116
2023-01-16 20:52:09.868767,1.498253965337426e-08,0.05250168219208717,2.795170246372436e-07,0.2659304141998291,0.1440400332212448,0.6547691226005554,7.222175213428272e-07,0.825318455696106
2023-01-16 20:52:09.974421,2.009812938297273e-08,0.5671193599700928,4.403711500344798e-06,0.0738767459988594,0.09194788336753845,0.16597820818424225,2.261422196170315e-05,0.5557892322540283
2023-01-16 20:52:10.211603,1.128761013546864e-07,0.9564318060874939,0.00010243456199532375,0.22067484259605408,0.0616011917591095,0.0007287435000762343,0.0669211819767952,0.12290257215499878
2023-01-16 20:52:10.314588,9.511686016594467e-08,0.9549202919006348,7.849041139706969e-05,0.3455648720264435,0.08065696805715561,0.0012015249812975526,0.08234286308288574,0.04823927581310272
2023-01-16 20:52:10.423201,5.297581537888618e-07,0.8987190127372742,0.00019516061001922935,0.4797890782356262,0.09692438691854477,0.005422965623438358,0.03607239946722984,0.10630915313959122
2023-01-16 20:52:10.525258,2.6486586079954577e-07,0.6147014498710632,1.7135706002591178e-05,0.828538179397583,0.3828786015510559,0.060580022633075714,0.0045603481121361256,0.05185814946889877
2023-01-16 20:52:10.632914,9.983750715036876e-07,0.12357201427221298,3.911000021616928e-06,0.4230894446372986,0.23096990585327148,0.7678847312927246,1.7734759239829145e-05,0.7117801904678345
2023-01-16 20:52:10.740031,3.5819743970932905e-07,0.1454179883003235,1.3368778581934748e-06,0.7133709788322449,0.15940254926681519,0.9275004267692566,5.782498192274943e-06,0.46122312545776367
2023-01-16 20:52:10.844283,1.3330120118837385e-08,0.013255108147859573,2.866011357127718e-07,0.5021427869796753,0.1595032811164856,0.9994945526123047,5.5884228800096025e-08,0.1719708889722824
2023-01-16 20:52:10.951480,2.2117252473918825e-09,0.015589207410812378,1.265138820372158e-07,0.6094293594360352,0.06543275713920593,0.9996809959411621,1.8243619948066225e-08,0.06202821061015129
2023-01-16 20:52:11.054073,2.8071694302411743e-08,0.033939559012651443,4.915162890029023e-07,0.6100075840950012,0.13102397322654724,0.9967765212059021,2.2466379334673547e-07,0.09516572207212448
2023-01-16 20:52:11.158275,4.816506589122582e-06,0.4750727117061615,5.7343502703588456e-05,0.8486915230751038,0.43098950386047363,0.8646825551986694,0.0006037810817360878,0.011165904812514782
2023-01-16 20:52:11.260213,8.699036015968886e-07,0.4328734576702118,1.2359359971014783e-05,0.8832458257675171,0.3044991195201874,0.9763749241828918,5.1487360906321555e-05,0.004070690367370844
2023-01-16 20:52:11.364733,5.73835805539602e-08,0.13692766427993774,5.305635681907006e-07,0.9643712043762207,0.062082093209028244,0.9964423775672913,5.161530793884594e-07,0.019576819613575935
2023-01-16 20:52:11.468988,6.883257697154477e-08,0.1905241459608078,5.891168370908417e-07,0.9631527662277222,0.09590975940227509,0.9960907101631165,1.0979883882100694e-06,0.0121212312951684
2023-01-16 20:52:11.572896,3.185991559462309e-08,0.020444942638278008,2.1375633707521047e-07,0.724361777305603,0.2940635681152344,0.9992903470993042,2.0191369287658745e-07,0.054848577827215195
2023-01-16 20:52:11.675876,5.055262022324314e-07,0.05345141515135765,5.279024662740994e-06,0.3971543312072754,0.47821176052093506,0.9924817085266113,6.2711610553378705e-06,0.12251893430948257
2023-01-16 20:52:11.779661,8.727271278985427e-07,0.04777482897043228,4.7673120207036845e-06,0.6551783084869385,0.20683053135871887,0.9854024648666382,2.067258947135997e-06,0.4120945930480957
2023-01-16 20:52:11.884476,2.752866805622034e-07,0.03749905526638031,3.2915322663029656e-06,0.44416379928588867,0.23350252211093903,0.9925951361656189,1.7365310895911534e-06,0.3371943533420563
2023-01-16 20:52:11.987894,6.944009101061965e-08,0.01652476005256176,1.796762063577262e-07,0.5040634870529175,0.18864615261554718,0.9866957664489746,2.0152509705440025e-07,0.68703693151474
2023-01-16 20:52:12.092734,1.855234721404031e-08,0.009501204825937748,2.0835848602018814e-07,0.30334848165512085,0.12452118843793869,0.9952762126922607,4.8086530313184994e-08,0.7000957727432251
2023-01-16 20:52:12.198116,3.5270808496079553e-09,0.030161229893565178,5.916053424925849e-08,0.34029698371887207,0.025189237669110298,0.9782997369766235,3.943956627949774e-08,0.8510399460792542
2023-01-16 20:52:12.305327,8.812536478330912e-09,0.006924795918166637,3.423968664151289e-08,0.5069882273674011,0.08098604530096054,0.9924778342247009,1.1283300516140571e-08,0.90884929895401
2023-01-16 20:52:12.411229,2.5060804986765106e-08,0.022247053682804108,5.243268219601305e-07,0.1531468629837036,0.048767924308776855,0.9100730419158936,1.8466072049250215e-07,0.9699113368988037
2023-01-16 20:52:12.514178,1.928513349014338e-08,0.4989529252052307,3.685971023514867e-06,0.058819979429244995,0.14240959286689758,0.08140980452299118,2.6830643037101254e-05,0.7193606495857239
2023-01-16 20:52:12.620721,1.1946557521014256e-08,0.9679475426673889,5.455087011796422e-05,0.16306939721107483,0.013000180013477802,0.004047206602990627,0.0024510102812200785,0.13831965625286102
2023-01-16 20:52:12.725997,1.492914059042505e-08,0.9069859385490417,1.8382241250947118e-05,0.11817797273397446,0.044398289173841476,0.015708353370428085,0.0009031830122694373,0.13001734018325806
2023-01-16 20:52:12.831106,8.766504322466062e-08,0.18966539204120636,3.2592963634670014e-06,0.24914149940013885,0.21709714829921722,0.6418930888175964,1.717880331852939e-05,0.4329490661621094
2023-01-16 20:52:12.935844,2.9083356167802776e-08,0.273955762386322,6.26334553999186e-07,0.30111223459243774,0.15084730088710785,0.5262511968612671,1.0480092896614224e-05,0.33822906017303467
2023-01-16 20:52:13.040391,3.753943644824176e-08,0.21527940034866333,3.057785704640992e-07,0.35647886991500854,0.13586293160915375,0.7778187990188599,2.7355079055269016e-06,0.4297834038734436
2023-01-16 20:52:13.147429,1.7682192776646843e-07,0.37878167629241943,5.799867722089402e-06,0.4808695614337921,0.4095260798931122,0.49525943398475647,0.0001443922519683838,0.06103062629699707
2023-01-16 20:52:13.250559,2.519774966458499e-07,0.045390304177999496,1.204601858262322e-06,0.48619961738586426,0.6065000891685486,0.9836570620536804,3.78632125830336e-06,0.1450347602367401
2023-01-16 20:52:13.353549,2.0226694630309794e-07,0.04614255577325821,1.9399262782826554e-06,0.5119507908821106,0.5372819304466248,0.979140043258667,4.014038040622836e-06,0.1312321126461029
2023-01-16 20:52:13.458485,6.939943375527946e-08,0.030620450153946877,2.3547372052235005e-07,0.5887140035629272,0.7027741074562073,0.9916030764579773,7.152773378038546e-07,0.08859814703464508
2023-01-16 20:52:13.562422,6.307520727943938e-09,0.026445891708135605,5.252240953268483e-08,0.6853992938995361,0.15301750600337982,0.997490644454956,2.8080208380742988e-08,0.14486965537071228
2023-01-16 20:52:13.671425,8.752392659516772e-07,0.08090720325708389,4.7151065700745676e-06,0.4761313199996948,0.6636034846305847,0.9280229210853577,2.6931880711345002e-05,0.14302852749824524
2023-01-16 20:52:13.773687,1.5609841739205876e-06,0.9687979221343994,0.000473256892291829,0.47068148851394653,0.08314263820648193,0.003962227143347263,0.1137690469622612,0.027945369482040405
2023-01-16 20:52:13.878256,1.767905587257701e-06,0.8671238422393799,0.00016347281052730978,0.40207013487815857,0.15053795278072357,0.03153245523571968,0.00886286050081253,0.07540236413478851
2023-01-16 20:52:13.981576,3.2219620038631547e-07,0.9843612909317017,0.00022778232232667506,0.3682238757610321,0.06105705350637436,0.0007806341745890677,0.12104862928390503,0.029737034812569618
2023-01-16 20:52:14.084519,5.151459276930836e-07,0.9866474866867065,0.0004370851966086775,0.3736792206764221,0.04947252571582794,0.0007148702279664576,0.21765205264091492,0.025116557255387306
2023-01-16 20:52:14.188256,8.227445960073965e-07,0.9855750799179077,0.0004425648949109018,0.3916969299316406,0.055947400629520416,0.0012168735265731812,0.15907958149909973,0.03162067010998726
2023-01-16 20:52:14.293232,5.780127594334772e-06,0.8502225875854492,0.00020801117352675647,0.38029390573501587,0.295695424079895,0.15566222369670868,0.006581115070730448,0.06011620908975601
2023-01-16 20:52:14.400594,1.7262391338590533e-06,0.4862896203994751,1.842019810283091e-05,0.29186758399009705,0.5690290331840515,0.36381959915161133,0.0005360195646062493,0.13129922747612
2023-01-16 20:52:14.505474,1.8670095869310899e-06,0.9543281197547913,0.00017521950940135866,0.6486691236495972,0.13649939000606537,0.01024432759732008,0.03365310654044151,0.022686103358864784
2023-01-16 20:52:14.608133,3.1697800295660272e-06,0.890302300453186,0.00019271309429313987,0.6824319958686829,0.11569581925868988,0.10495153069496155,0.007018944248557091,0.02602965198457241
2023-01-16 20:52:14.853891,2.0763100110343657e-06,0.5680193901062012,2.2310154236038215e-05,0.6671315431594849,0.3771422207355499,0.4023982882499695,0.0006403676816262305,0.059002622961997986
2023-01-16 20:52:14.960304,2.8086024030926637e-06,0.4755537211894989,3.301474134786986e-05,0.5242305397987366,0.4378720819950104,0.46355652809143066,0.0006361718405969441,0.080897256731987
2023-01-16 20:52:15.063947,6.311542506409751e-07,0.1692558079957962,2.65791209130839e-06,0.7192741632461548,0.49571019411087036,0.9143901467323303,3.088514495175332e-05,0.05893802270293236
2023-01-16 20:52:15.167656,5.143310204402951e-07,0.49383214116096497,5.137382231623633e-06,0.7847093939781189,0.34575048089027405,0.6733444333076477,0.00012392850476317108,0.0270339734852314
2023-01-16 20:52:15.274058,1.431352757208515e-06,0.18454863131046295,1.1436209206294734e-05,0.473371684551239,0.20691275596618652,0.7613195180892944,4.2843705159612e-05,0.38015085458755493
2023-01-16 20:52:15.379095,4.471573902264936e-07,0.04622190073132515,9.828482689044904e-06,0.036133408546447754,0.6112572550773621,0.43875202536582947,3.495438431855291e-05,0.855222225189209
2023-01-16 20:52:15.485147,7.820817415904457e-08,0.016453292220830917,1.0750143246696098e-06,0.07074449211359024,0.16599449515342712,0.7338265180587769,1.1006281965819653e-06,0.9628241062164307
2023-01-16 20:52:15.588677,9.337428608091614e-09,0.007919907569885254,4.076029199495679e-06,0.027024848386645317,0.010133831761777401,0.7853675484657288,1.5228938821110205e-07,0.9985722303390503
2023-01-16 20:52:15.691204,4.868109471090065e-09,0.011821935884654522,2.01370176000637e-06,0.2634829878807068,0.0022120692301541567,0.936014711856842,2.991911784988588e-08,0.99089515209198
2023-01-16 20:52:15.794460,5.1173083548405884e-09,0.00615621218457818,1.551809759803291e-06,0.03107534535229206,0.011606181971728802,0.8728428483009338,6.066429847351174e-08,0.998040497303009
2023-01-16 20:52:15.899350,2.5340646914173703e-08,0.004132172092795372,1.937863061129974e-07,0.21829447150230408,0.04015909880399704,0.9041891098022461,5.5848424551641074e-08,0.9917840957641602
2023-01-16 20:52:16.005746,5.9375992123023025e-08,0.001374825369566679,3.1470429462387983e-07,0.06912509351968765,0.15748076140880585,0.9430270195007324,8.559150899145607e-08,0.9967273473739624
2023-01-16 20:52:16.108969,4.070680859058484e-08,0.003027381608262658,5.919202550330738e-08,0.3969569206237793,0.054781313985586166,0.943708062171936,4.959517596603291e-08,0.9831804633140564
2023-01-16 20:52:16.212952,3.402443553568446e-07,0.1703798919916153,1.4870071936456952e-05,0.04562848061323166,0.3442882001399994,0.025064129382371902,0.0003746480797417462,0.8895257115364075
2023-01-16 20:52:16.314407,7.405334372379002e-07,0.8812568187713623,0.0002449805033393204,0.05397936701774597,0.15365275740623474,0.0006819443660788238,0.14743070304393768,0.4526282250881195
2023-01-16 20:52:16.416911,1.5634595840197107e-08,0.007308656349778175,1.1194217108823068e-07,0.05725635960698128,0.03936677798628807,0.4928334653377533,1.006423602234463e-07,0.9986771941184998
2023-01-16 20:52:16.520286,6.150206122157442e-09,0.0015611709095537663,1.0320954757503387e-08,0.09861619770526886,0.21504566073417664,0.9902759790420532,3.237687007384693e-09,0.9888105392456055
2023-01-16 20:52:16.623772,1.3368770979127476e-08,0.002511502942070365,4.2146455214719936e-09,0.21378976106643677,0.2635272741317749,0.9086119532585144,2.2895155993296612e-08,0.9818394184112549
2023-01-16 20:52:16.729448,2.525204081393895e-07,0.8400571346282959,1.3395373571256641e-05,0.1605510413646698,0.2577008605003357,0.002813242841511965,0.03820102661848068,0.15828894078731537
2023-01-16 20:52:16.837583,1.0274983424096717e-06,0.7957716584205627,3.144353468087502e-05,0.4672662317752838,0.5046669840812683,0.033737555146217346,0.03370535373687744,0.01765027455985546
2023-01-16 20:52:16.944932,4.574210663577105e-07,0.7980025410652161,3.912240936188027e-05,0.24700842797756195,0.6369076371192932,0.03218812122941017,0.056501585990190506,0.011762889102101326
2023-01-16 20:52:17.052491,1.1473348848767273e-07,0.9164137840270996,1.5360303223133087e-05,0.21867519617080688,0.30959436297416687,0.01317067351192236,0.028412936255335808,0.01806589774787426
2023-01-16 20:52:17.157108,4.6509914142234265e-08,0.8340224623680115,6.392652721842751e-06,0.09161894023418427,0.3541962802410126,0.004006484057754278,0.0071762194857001305,0.1026734784245491
2023-01-16 20:52:17.265582,1.3130541987038669e-08,0.0045038433745503426,4.880867621182006e-08,0.1892625242471695,0.34414735436439514,0.922641932964325,7.074851993138509e-08,0.9205429553985596
2023-01-16 20:52:17.369827,2.5819359095180516e-08,0.028772784397006035,4.3705774999125424e-08,0.1841678023338318,0.7149798274040222,0.9019924402236938,9.544613703837967e-07,0.30778631567955017
2023-01-16 20:52:17.472721,3.0981986753886304e-08,0.005455307196825743,4.2782183129475015e-08,0.4548650085926056,0.5880526900291443,0.9875531196594238,8.516224880850132e-08,0.5095235109329224
2023-01-16 20:52:17.576464,1.7398990692640837e-08,0.009053735993802547,1.624658807486412e-08,0.5572484731674194,0.5097412467002869,0.9778197407722473,6.695766785469459e-08,0.5866559147834778
2023-01-16 20:52:17.679804,2.1149644258144917e-09,0.006139884702861309,1.2157392426104252e-08,0.10219447314739227,0.07987166196107864,0.6964804530143738,1.7975310129259015e-08,0.9922332763671875
2023-01-16 20:52:17.782914,1.665080850976608e-09,0.01985315978527069,1.776470526237972e-08,0.09567078948020935,0.05336093530058861,0.41355517506599426,3.329142117536321e-08,0.9917992353439331
2023-01-16 20:52:17.884887,3.11928260998684e-09,0.013113314285874367,5.3816040512799646e-09,0.05678416043519974,0.172646626830101,0.5306318998336792,3.64213370573907e-08,0.991810142993927
2023-01-16 20:52:17.989578,5.69793769500393e-07,0.8151451945304871,2.695371767913457e-05,0.3860156536102295,0.21962052583694458,0.003447063500061631,0.021344270557165146,0.1823829561471939
2023-01-16 20:52:18.098173,3.749499910554732e-08,0.9268872737884521,6.857115749880904e-06,0.23816297948360443,0.10866919159889221,0.0005275221192277968,0.025319771841168404,0.14856164157390594
2023-01-16 20:52:18.200743,2.8168190624455747e-07,0.7078893780708313,4.4314624574326444e-06,0.3085842430591583,0.570101797580719,0.03150887414813042,0.02089528553187847,0.031035270541906357
2023-01-16 20:52:18.306156,8.789706953393761e-07,0.3194582462310791,1.2969027920917142e-05,0.2355630099773407,0.6018120646476746,0.05251691862940788,0.003646416822448373,0.28613463044166565
2023-01-16 20:52:18.411903,2.5707350914672134e-07,0.01883719302713871,2.0859209826085134e-07,0.2007855772972107,0.5851309299468994,0.9344438314437866,2.2801104933023453e-06,0.6690674424171448
2023-01-16 20:52:18.515924,2.6731704565463588e-05,0.34943830966949463,0.0003470407973509282,0.429269939661026,0.6013431549072266,0.30896803736686707,0.03561931848526001,0.07224128395318985
2023-01-16 20:52:18.640115,2.445346035528928e-05,0.6577973365783691,0.0004490290011744946,0.286661297082901,0.6918233036994934,0.1528281420469284,0.09368228167295456,0.03707693889737129
2023-01-16 20:52:18.744483,1.2053444152115844e-05,0.8202511072158813,0.0003399697598069906,0.40775546431541443,0.6177384853363037,0.05522929131984711,0.1510499119758606,0.019264623522758484
2023-01-16 20:52:18.851664,5.796660843770951e-06,0.8789137005805969,0.000441830197814852,0.331365704536438,0.5066851377487183,0.017435375601053238,0.29657164216041565,0.014860410243272781
2023-01-16 20:52:19.084783,1.621670526219532e-05,0.776860237121582,0.0005279663018882275,0.327867716550827,0.6622388958930969,0.037513576447963715,0.28196486830711365,0.021489061415195465
2023-01-16 20:52:19.198219,9.088670594792347e-06,0.7085503339767456,0.00038168468745425344,0.2627498507499695,0.744441032409668,0.01676652766764164,0.33663856983184814,0.03055562824010849
2023-01-16 20:52:19.304213,6.226852292456897e-06,0.7192015051841736,0.0005056295194663107,0.27239832282066345,0.7702846527099609,0.014951887540519238,0.4132973253726959,0.0169471837580204
2023-01-16 20:52:19.410715,2.8409992864908418e-06,0.8336864709854126,0.00017378888151142746,0.40035250782966614,0.4828524887561798,0.015374952927231789,0.31743645668029785,0.012815886177122593
2023-01-16 20:52:19.517323,3.7594511468341807e-06,0.7868545055389404,0.0002465690195094794,0.4607851803302765,0.4236181974411011,0.03335585817694664,0.236221045255661,0.009639418683946133
2023-01-16 20:52:19.623841,6.424028924811864e-06,0.7223653793334961,0.00019525572133716196,0.671004593372345,0.44293808937072754,0.03169333562254906,0.1773023158311844,0.015578703954815865
2023-01-16 20:52:19.728321,6.8085505517956335e-06,0.42439591884613037,0.0002091314090648666,0.4631439745426178,0.7005748152732849,0.09365952759981155,0.11887453496456146,0.02664005756378174
2023-01-16 20:52:19.834114,1.662059366935864e-05,0.5798504948616028,0.0005933619104325771,0.4423087239265442,0.5424742698669434,0.12884566187858582,0.11302611231803894,0.030660314485430717
2023-01-16 20:52:19.939373,3.6468795769906137e-06,0.544106125831604,0.00018073039245791733,0.560015082359314,0.46773335337638855,0.16179092228412628,0.06589556485414505,0.014471315778791904
2023-01-16 20:52:20.044617,2.564833721407922e-06,0.7703486680984497,0.0005529620684683323,0.293914794921875,0.4685799479484558,0.017093272879719734,0.30503562092781067,0.019207602366805077
2023-01-16 20:52:20.172345,5.839789878336887e-07,0.8327005505561829,0.00023732597765047103,0.3921152651309967,0.28423869609832764,0.00379104888997972,0.2802145779132843,0.028079381212592125
2023-01-16 20:52:20.308596,3.0041289846849395e-06,0.6239058375358582,0.00047381725744344294,0.4388391077518463,0.4026678204536438,0.09870236366987228,0.09369146823883057,0.023083005100488663
2023-01-16 20:52:20.421288,8.307525604323018e-06,0.5475781559944153,0.0008148738997988403,0.2665199637413025,0.5190553665161133,0.013601616024971008,0.3236164152622223,0.1411208212375641
2023-01-16 20:52:20.527675,3.0078474821948475e-08,0.9856941103935242,3.782340354518965e-05,0.4482710361480713,0.07079557329416275,3.4430475352564827e-05,0.8198806643486023,0.010071385651826859
2023-01-16 20:52:20.636013,4.945556497659709e-07,0.957645833492279,0.00026070416788570583,0.2652692496776581,0.12029169499874115,0.0004494026070460677,0.735401451587677,0.03365304321050644
2023-01-16 20:52:20.745121,1.974593288878168e-08,0.9928200840950012,0.00012980685278307647,0.22128167748451233,0.021134063601493835,9.247816342394799e-05,0.7208957672119141,0.00819601770490408
2023-01-16 20:52:20.849476,6.7814660553722206e-09,0.9986900687217712,0.00022666614677291363,0.14404268562793732,0.0014257595175877213,1.6780198848209693e-06,0.8993967771530151,0.057577621191740036
2023-01-16 20:52:20.959081,7.417829017697386e-09,0.9978542923927307,0.0001424849615432322,0.09465643018484116,0.0028640590608119965,4.575406364892842e-07,0.9307881593704224,0.14901524782180786
2023-01-16 20:52:21.068419,2.3359417511414904e-08,0.9957222938537598,9.31700924411416e-05,0.14426709711551666,0.00758015364408493,4.96922257298138e-06,0.8597918152809143,0.10089404135942459
2023-01-16 20:52:21.177635,2.8424597786624872e-08,0.9950124621391296,0.00011769565753638744,0.22665363550186157,0.010743278078734875,5.143097951076925e-06,0.8338911533355713,0.07426745444536209
2023-01-16 20:52:21.287266,1.0320640342342813e-08,0.9975576400756836,4.19001116824802e-05,0.1059715747833252,0.0055062780156731606,1.5781798765601707e-06,0.8078688383102417,0.13628844916820526
2023-01-16 20:52:21.398119,1.0988379983700725e-08,0.9958118200302124,0.00013654239592142403,0.08808831870555878,0.004340867046266794,1.0578584124232293e-06,0.8458494544029236,0.24684785306453705
2023-01-16 20:52:21.510974,3.3664516507769804e-08,0.9947627186775208,0.00017623759049456567,0.11415758728981018,0.00800931453704834,9.356681403005496e-06,0.7056784629821777,0.15812364220619202
2023-01-16 20:52:21.619486,2.1627018398362452e-08,0.9938865303993225,9.285876876674592e-05,0.1260208785533905,0.006943156942725182,8.392131348955445e-06,0.6371259689331055,0.18123112618923187
2023-01-16 20:52:21.728623,3.649713775644159e-08,0.9960451722145081,0.0002501032722648233,0.1228632852435112,0.003974968567490578,3.438479552642093e-06,0.7356274724006653,0.24123701453208923
2023-01-16 20:52:21.846921,4.819222354512931e-08,0.9950386881828308,0.00014392653247341514,0.13850873708724976,0.006966718006879091,6.408046374417609e-06,0.8097492456436157,0.20061959326267242
2023-01-16 20:52:21.983290,9.370921816298505e-08,0.9841432571411133,0.0001780659076757729,0.14659583568572998,0.01687469519674778,6.36195472907275e-05,0.4693771004676819,0.16332736611366272
2023-01-16 20:52:22.114458,1.9727774258626596e-07,0.9664255976676941,0.00044292895472608507,0.15570798516273499,0.02848161570727825,0.00010220819967798889,0.43394067883491516,0.20109829306602478
2023-01-16 20:52:22.245461,1.942955805134261e-07,0.9813807606697083,0.0002570860960986465,0.11868365108966827,0.026948610320687294,7.145001291064546e-05,0.645941436290741,0.13212554156780243
2023-01-16 20:52:22.382021,1.9046088084451185e-07,0.9685361981391907,0.00044398719910532236,0.12318232655525208,0.03855578601360321,4.503596210270189e-05,0.6653180718421936,0.2099859118461609
2023-01-16 20:52:22.511931,9.322501881570133e-08,0.979109525680542,0.00021475602989085019,0.15567722916603088,0.012869076803326607,4.173027991782874e-05,0.36823770403862,0.28060558438301086
2023-01-16 20:52:22.644766,3.789171287849058e-08,0.9963515996932983,0.0002505128213670105,0.12901893258094788,0.005583554040640593,5.270709152682684e-06,0.8700289130210876,0.11789464950561523
2023-01-16 20:52:22.775018,4.385157126307604e-08,0.9965404868125916,0.0003522503247950226,0.06304533779621124,0.007435470819473267,1.4374729744304204e-06,0.917269229888916,0.2542257308959961
2023-01-16 20:52:22.904651,7.297502406800049e-07,0.9691332578659058,0.0005593011155724525,0.161658376455307,0.04506862163543701,0.00015521277964580804,0.580879807472229,0.26871931552886963
2023-01-16 20:52:23.299854,4.2013007828245463e-07,0.9647699594497681,8.926178998081014e-05,0.23441016674041748,0.10038578510284424,5.435080311144702e-05,0.8908444046974182,0.11331505328416824
2023-01-16 20:52:23.407734,1.801547426794059e-07,0.8360283374786377,4.235766391502693e-05,0.12602390348911285,0.04195557162165642,0.00982282217592001,0.005627297330647707,0.3920244872570038
2023-01-16 20:52:23.526732,1.3884354643778352e-07,0.9089328050613403,4.601795080816373e-05,0.12677712738513947,0.1095532700419426,0.0005031086620874703,0.19891786575317383,0.16418589651584625
2023-01-16 20:52:23.661397,5.590320029114082e-08,0.13995006680488586,1.0692536989154178e-06,0.19281575083732605,0.07790656387805939,0.06478214263916016,5.478165621752851e-05,0.854096531867981
2023-01-16 20:52:23.772313,3.3701265778063316e-08,0.09292898327112198,1.0855557093236712e-06,0.1285659372806549,0.07202586531639099,0.2189493477344513,1.0750187357189134e-05,0.8939367532730103
2023-01-16 20:52:23.878527,4.3034912522443847e-08,0.10938999056816101,1.3036135442234809e-06,0.09685412049293518,0.03389500081539154,0.029736248776316643,2.485135519236792e-05,0.9894422292709351
2023-01-16 20:52:23.984899,1.994959086815129e-09,0.033738791942596436,4.784624252351932e-07,0.05285242944955826,0.01655708998441696,0.007957518100738525,3.128835032839561e-06,0.9985997080802917
2023-01-16 20:52:24.091965,1.5403649911149842e-07,0.9811822772026062,0.0002279656910104677,0.10753903537988663,0.04526814445853233,1.1484758942970075e-05,0.8966715335845947,0.20889100432395935
2023-01-16 20:52:24.199478,2.539315119065577e-06,0.5772675275802612,0.0001229809713549912,0.43098005652427673,0.5144239068031311,0.014952653087675571,0.10026625543832779,0.12285283952951431
2023-01-16 20:52:24.309732,4.6148375076882076e-07,0.8513922691345215,7.281272701220587e-05,0.23653756082057953,0.07899970561265945,0.0029840245842933655,0.09187308698892593,0.19010993838310242
2023-01-16 20:52:24.419905,1.7306286963503226e-06,0.6106602549552917,0.00016926106764003634,0.32482555508613586,0.6914526224136353,0.0026120252441614866,0.6924996376037598,0.061410460621118546
2023-01-16 20:52:24.538909,1.7017129039231804e-06,0.7216275334358215,0.0001523887476650998,0.43070101737976074,0.5142366290092468,0.0006809880142100155,0.7736509442329407,0.1167481392621994
2023-01-16 20:52:24.651459,3.667229520942783e-06,0.8641131520271301,0.0003030768421012908,0.39401963353157043,0.3153751492500305,0.0005969605990685523,0.8368675708770752,0.09883561730384827
2023-01-16 20:52:24.759405,3.869392912747571e-06,0.38511785864830017,0.00011011676542693749,0.5517556667327881,0.7080702781677246,0.0322110652923584,0.07843713462352753,0.10976149141788483
2023-01-16 20:52:24.868060,4.10044798115905e-08,0.9879702925682068,0.00016054489242378622,0.1488955318927765,0.0052703628316521645,3.878939969581552e-05,0.17326320707798004,0.28498581051826477
2023-01-16 20:52:24.974705,4.2139884470770994e-08,0.970142662525177,9.388751641381532e-05,0.1463780701160431,0.003935930319130421,0.0017833334859460592,0.006792453117668629,0.511776864528656
2023-01-16 20:52:25.082564,8.136131555147585e-07,0.8060358166694641,0.00012731565220747143,0.1543981432914734,0.10186493396759033,0.008616260252892971,0.024310575798153877,0.3283880650997162
2023-01-16 20:52:25.193421,8.263060635727015e-08,0.9806186556816101,0.00032249491778202355,0.16396848857402802,0.01855063997209072,0.00019330180657561868,0.38862287998199463,0.08847053349018097
2023-01-16 20:52:25.302227,2.3926281400576954e-08,0.9875260591506958,0.0002457018999848515,0.10052886605262756,0.013514012098312378,0.000107942869362887,0.40938374400138855,0.06732694059610367
2023-01-16 20:52:25.409571,2.0596107219716941e-07,0.9863904714584351,0.0003713040496222675,0.2201547622680664,0.021265609189867973,0.00020589841005858034,0.5181228518486023,0.05493607744574547
2023-01-16 20:52:25.516660,4.7079890208578945e-08,0.9946683049201965,0.0006107980734668672,0.15781588852405548,0.013817725703120232,1.2425518434611149e-05,0.8924387097358704,0.03851131349802017
2023-01-16 20:52:25.624578,7.58161320391082e-08,0.9916002750396729,0.0004748734936583787,0.13063779473304749,0.023749567568302155,6.415549432858825e-05,0.7626419067382812,0.03362950682640076
2023-01-16 20:52:25.743852,9.264272904374593e-08,0.9906845092773438,0.0004423059581313282,0.19205711781978607,0.022290289402008057,7.550611189799383e-05,0.7853207588195801,0.029713371768593788
2023-01-16 20:52:25.874532,7.254959655256243e-08,0.988538384437561,0.00035137796658091247,0.1742457002401352,0.03203926980495453,0.00014578401169274002,0.7190040349960327,0.017390895634889603
2023-01-16 20:52:28.940318,2.5732191488714307e-08,0.9382912516593933,3.441862645559013e-05,0.14323313534259796,0.00964346993714571,0.0022918067406862974,0.002670665504410863,0.5841147899627686
2023-01-16 20:52:29.048773,6.671889707376977e-08,0.46523064374923706,1.4178255696606357e-05,0.28157854080200195,0.12413517385721207,0.08512910455465317,0.0005360006471164525,0.5912746787071228
